variant,mode,removed,removed_group,base_median_mm,new_median_mm,improvement_mm,new_rms_mm,new_max_mm,suspected_reason
raw_all,leave_one_out,0,,34.01236978367564,34.45929252892505,-0.44692274524940956,41.76050129472414,80.21736427480519,unknown
raw_all,leave_one_out,1,,34.01236978367564,35.05335208034049,-1.0409822966648505,41.705718207825484,78.87334609383977,unknown
raw_all,leave_one_out,2,,34.01236978367564,35.18588083499674,-1.1735110513210998,41.651765702685545,78.68563791948266,unknown
raw_all,leave_one_out,3,,34.01236978367564,34.07533428419676,-0.0629645005211188,41.567360621910574,78.24545110848078,unknown
raw_all,leave_one_out,4,,34.01236978367564,35.23072576662224,-1.2183559829466049,41.61680444559404,78.64081824266077,unknown
raw_all,leave_one_out,5,,34.01236978367564,35.31853324093197,-1.306163457256332,41.53620359679355,78.45431666801963,unknown
raw_all,leave_one_out,6,,34.01236978367564,35.49295050326597,-1.4805807195903355,41.518243999323275,78.57201749103146,unknown
raw_all,leave_one_out,7,,34.01236978367564,35.142963409233744,-1.130593625558106,41.64358421915468,78.7003075225139,unknown
raw_all,leave_one_out,8,,34.01236978367564,34.99609341070159,-0.9837236270259524,41.698572051719296,79.0868931771936,unknown
raw_all,leave_one_out,9,,34.01236978367564,34.41222847673733,-0.3998586930616952,41.70061391594949,79.84582354862107,unknown
raw_all,leave_one_out,10,,34.01236978367564,34.43735192544362,-0.424982141767984,41.72135192526177,79.789455581736,unknown
raw_all,leave_one_out,11,,34.01236978367564,34.38216687686024,-0.3697970931846015,41.75938773594703,79.8063411964893,unknown
raw_all,leave_one_out,12,,34.01236978367564,34.41329312434807,-0.40092334067243485,41.756478928048075,80.03602618356373,unknown
raw_all,leave_one_out,13,,34.01236978367564,34.49397019325481,-0.4816004095791726,41.67154183874634,79.43024603648163,unknown
raw_all,leave_one_out,14,,34.01236978367564,34.53029698668431,-0.517927203008675,41.62650541140695,79.44668032802737,unknown
raw_all,leave_one_out,15,,34.01236978367564,34.56809910904009,-0.5557293253644531,41.64060858756072,79.6123532021634,unknown
raw_all,leave_one_out,16,,34.01236978367564,34.16403204375191,-0.1516622600762716,41.67562527924625,79.97338079907817,unknown
raw_all,leave_one_out,17,,34.01236978367564,33.52049150833526,0.4918782753403761,41.421601579640836,81.69907515186314,geometric outlier
raw_all,leave_one_out,18,,34.01236978367564,33.30149134578508,0.7108784378905568,41.068653643031624,82.29707758374931,geometric outlier
raw_all,leave_one_out,19,,34.01236978367564,33.103196131321674,0.9091736523539637,40.598010468174245,79.4724497696674,geometric outlier
raw_all,leave_one_out,20,,34.01236978367564,33.15759700451704,0.8547727791586013,40.73979174071927,82.69941128599423,geometric outlier
raw_all,leave_one_out,21,,34.01236978367564,33.31398483971273,0.6983849439629068,41.49803880124718,82.84432612315146,geometric outlier
raw_all,leave_one_out,22,,34.01236978367564,33.40100529887485,0.611364484800788,40.72940311344084,83.48259838637544,geometric outlier
raw_all,leave_one_out,23,,34.01236978367564,34.610227117554686,-0.5978573338790483,41.304274486315954,79.15401088806004,unknown
raw_all,leave_one_out,24,,34.01236978367564,35.25552809042746,-1.2431583067518233,41.003164457067555,78.00667422992427,geometric outlier
raw_all,leave_one_out,25,,34.01236978367564,34.95431977022825,-0.9419499865526149,41.11407173019123,78.59430699245401,geometric outlier
raw_all,leave_one_out,26,,34.01236978367564,34.81274771730525,-0.800377933629612,41.255168231314336,78.4981149783295,unknown
raw_all,leave_one_out,27,,34.01236978367564,34.67307645142331,-0.6607066677476752,41.52981641793181,78.84462184968706,unknown
raw_all,leave_one_out,28,,34.01236978367564,34.75588921815354,-0.7435194344779035,41.71911759429862,78.78175044194266,unknown
raw_all,leave_one_out,29,,34.01236978367564,34.777189293321285,-0.7648195096456476,41.71458308443052,78.7802786834184,unknown
raw_all,leave_one_out,30,,34.01236978367564,34.597451567729124,-0.5850817840534859,41.606844244082296,78.80368351570432,unknown
raw_all,leave_one_out,31,,34.01236978367564,34.81016577988632,-0.7977959962106809,41.63733373794951,78.82454813589602,unknown
raw_all,leave_one_out,32,,34.01236978367564,33.9159248082437,0.09644497543193609,41.482844697636686,78.64482585392233,unknown
raw_all,leave_one_out,33,,34.01236978367564,33.82577965454428,0.18659012913136053,41.52881680862597,78.72445582434304,unknown
raw_all,leave_one_out,34,,34.01236978367564,33.81764778136737,0.19472200230826786,41.52850388560627,78.74422642318558,unknown
raw_all,leave_one_out,35,,34.01236978367564,33.74450599220433,0.26786379147130646,41.582309177137915,78.76998587127484,unknown
raw_all,leave_one_out,36,,34.01236978367564,34.699991161590724,-0.6876213779150859,41.56033559115528,78.73298486620233,unknown
raw_all,leave_one_out,37,,34.01236978367564,33.841774170830256,0.17059561284538205,41.12153894510703,78.66814139348257,geometric outlier
raw_all,leave_one_out,38,,34.01236978367564,33.78412020782231,0.22824957585332584,41.54866191890767,78.77804143066673,unknown
raw_all,leave_one_out,39,,34.01236978367564,34.71949437900831,-0.7071245953326724,41.78003791790506,78.88657487444716,unknown
raw_all,leave_one_out,40,,34.01236978367564,34.568359415016666,-0.5559896313410277,41.714086287553464,78.91639918284683,unknown
raw_all,leave_one_out,41,,34.01236978367564,34.393999561483795,-0.38162977780815766,41.63662132034652,78.85210367188303,unknown
raw_all,leave_one_out,42,,34.01236978367564,33.048222394290605,0.9641473893850332,41.17493968469394,78.80612099837795,unknown
raw_all,leave_one_out,43,,34.01236978367564,33.05254794739516,0.9598218362804758,40.917272065962464,78.75743839300752,geometric outlier
raw_all,leave_one_out,44,,34.01236978367564,33.31798589351561,0.6943838901600259,41.130696556329056,78.7140538403785,unknown
raw_all,leave_one_out,45,,34.01236978367564,33.3665207115892,0.6458490720864347,41.200327531918056,78.82376541525983,unknown
raw_all,leave_one_out,46,,34.01236978367564,33.5902450403801,0.42212474329554084,41.25083224549951,78.61667423085237,unknown
raw_all,leave_one_out,47,,34.01236978367564,34.35348637009503,-0.341116586419389,41.44583115291653,77.92573301051183,unknown
raw_all,leave_one_out,48,,34.01236978367564,34.5331535719469,-0.5207837882712596,41.479585683453124,77.98380626568947,unknown
raw_all,leave_one_out,49,,34.01236978367564,35.00437885441481,-0.9920090707391722,41.59925924426494,78.21500311948041,unknown
raw_all,leave_one_out,50,,34.01236978367564,34.83527514345075,-0.8229053597751133,41.47967249922527,77.22534523196987,unknown
raw_all,leave_one_out,51,,34.01236978367564,34.71982125454669,-0.7074514708710495,41.55339099399448,77.58893720857377,unknown
raw_all,leave_one_out,52,,34.01236978367564,35.53687420182683,-1.5245044181511958,41.538039184516485,77.6751164084812,unknown
raw_all,drop_top_1_residual,19,,34.01236978367564,33.103196131321674,0.9091736523539637,40.598010468174245,79.4724497696674,top residual group
raw_all,drop_top_2_residual,19 20,,34.01236978367564,34.23764953289836,-0.22527974922272165,39.66722212657464,81.29507004572108,top residual group
raw_all,drop_top_3_residual,19 20 22,,34.01236978367564,33.83602029566677,0.17634948800886718,38.422859509298746,78.35190333823633,top residual group
raw_all,drop_top_4_residual,18 19 20 22,,34.01236978367564,35.38802296477639,-1.375653181100752,37.39100669044624,72.42958931112611,top residual group
raw_all,drop_top_5_residual,18 19 20 22 37,,34.01236978367564,33.79861150208491,0.21375828159072796,36.78503815510693,72.28562416979187,top residual group
raw_all,drop_index_group,0 1 2 3 4 5 6 7 8,group_0_0_8,34.01236978367564,37.94709951671685,-3.934729733041209,42.04700818613608,74.3128072530567,unknown
raw_all,drop_index_group,9 10 11 12 13 14 15,group_1_9_15,34.01236978367564,38.80732561809916,-4.794955834423526,42.751581419689444,83.47199744784726,unknown
raw_all,drop_index_group,16 17 18 19 20 21 22 23 24,group_2_16_24,34.01236978367564,33.01846728839206,0.993902495283578,35.087879212639564,63.3485147314614,unknown
raw_all,drop_index_group,25 26 27 28 29 30 31 32 33 34 35 36 37 38 39 40 41 42 43 44 45 46 47 48 49 50 51 52,group_3_25_52,34.01236978367564,19.101208663364623,14.911161120311014,28.39217097164409,73.96652763000864,possible cluster/tag movement
raw_250_350,leave_one_out,0,,34.01236978367564,34.45929252892505,-0.44692274524940956,41.76050129472414,80.21736427480519,unknown
raw_250_350,leave_one_out,1,,34.01236978367564,35.05335208034049,-1.0409822966648505,41.705718207825484,78.87334609383977,unknown
raw_250_350,leave_one_out,2,,34.01236978367564,35.18588083499674,-1.1735110513210998,41.651765702685545,78.68563791948266,unknown
raw_250_350,leave_one_out,3,,34.01236978367564,34.07533428419676,-0.0629645005211188,41.567360621910574,78.24545110848078,unknown
raw_250_350,leave_one_out,4,,34.01236978367564,35.23072576662224,-1.2183559829466049,41.61680444559404,78.64081824266077,unknown
raw_250_350,leave_one_out,5,,34.01236978367564,35.31853324093197,-1.306163457256332,41.53620359679355,78.45431666801963,unknown
raw_250_350,leave_one_out,6,,34.01236978367564,35.49295050326597,-1.4805807195903355,41.518243999323275,78.57201749103146,unknown
raw_250_350,leave_one_out,7,,34.01236978367564,35.142963409233744,-1.130593625558106,41.64358421915468,78.7003075225139,unknown
raw_250_350,leave_one_out,8,,34.01236978367564,34.99609341070159,-0.9837236270259524,41.698572051719296,79.0868931771936,unknown
raw_250_350,leave_one_out,9,,34.01236978367564,34.41222847673733,-0.3998586930616952,41.70061391594949,79.84582354862107,unknown
raw_250_350,leave_one_out,10,,34.01236978367564,34.43735192544362,-0.424982141767984,41.72135192526177,79.789455581736,unknown
raw_250_350,leave_one_out,11,,34.01236978367564,34.38216687686024,-0.3697970931846015,41.75938773594703,79.8063411964893,unknown
raw_250_350,leave_one_out,12,,34.01236978367564,34.41329312434807,-0.40092334067243485,41.756478928048075,80.03602618356373,unknown
raw_250_350,leave_one_out,13,,34.01236978367564,34.49397019325481,-0.4816004095791726,41.67154183874634,79.43024603648163,unknown
raw_250_350,leave_one_out,14,,34.01236978367564,34.53029698668431,-0.517927203008675,41.62650541140695,79.44668032802737,unknown
raw_250_350,leave_one_out,15,,34.01236978367564,34.56809910904009,-0.5557293253644531,41.64060858756072,79.6123532021634,unknown
raw_250_350,leave_one_out,16,,34.01236978367564,34.16403204375191,-0.1516622600762716,41.67562527924625,79.97338079907817,unknown
raw_250_350,leave_one_out,17,,34.01236978367564,33.52049150833526,0.4918782753403761,41.421601579640836,81.69907515186314,geometric outlier
raw_250_350,leave_one_out,18,,34.01236978367564,33.30149134578508,0.7108784378905568,41.068653643031624,82.29707758374931,geometric outlier
raw_250_350,leave_one_out,19,,34.01236978367564,33.103196131321674,0.9091736523539637,40.598010468174245,79.4724497696674,geometric outlier
raw_250_350,leave_one_out,20,,34.01236978367564,33.15759700451704,0.8547727791586013,40.73979174071927,82.69941128599423,geometric outlier
raw_250_350,leave_one_out,21,,34.01236978367564,33.31398483971273,0.6983849439629068,41.49803880124718,82.84432612315146,geometric outlier
raw_250_350,leave_one_out,22,,34.01236978367564,33.40100529887485,0.611364484800788,40.72940311344084,83.48259838637544,geometric outlier
raw_250_350,leave_one_out,23,,34.01236978367564,34.610227117554686,-0.5978573338790483,41.304274486315954,79.15401088806004,unknown
raw_250_350,leave_one_out,24,,34.01236978367564,35.25552809042746,-1.2431583067518233,41.003164457067555,78.00667422992427,geometric outlier
raw_250_350,leave_one_out,25,,34.01236978367564,34.95431977022825,-0.9419499865526149,41.11407173019123,78.59430699245401,geometric outlier
raw_250_350,leave_one_out,26,,34.01236978367564,34.81274771730525,-0.800377933629612,41.255168231314336,78.4981149783295,unknown
raw_250_350,leave_one_out,27,,34.01236978367564,34.67307645142331,-0.6607066677476752,41.52981641793181,78.84462184968706,unknown
raw_250_350,leave_one_out,28,,34.01236978367564,34.75588921815354,-0.7435194344779035,41.71911759429862,78.78175044194266,unknown
raw_250_350,leave_one_out,29,,34.01236978367564,34.777189293321285,-0.7648195096456476,41.71458308443052,78.7802786834184,unknown
raw_250_350,leave_one_out,30,,34.01236978367564,34.597451567729124,-0.5850817840534859,41.606844244082296,78.80368351570432,unknown
raw_250_350,leave_one_out,31,,34.01236978367564,34.81016577988632,-0.7977959962106809,41.63733373794951,78.82454813589602,unknown
raw_250_350,leave_one_out,32,,34.01236978367564,33.9159248082437,0.09644497543193609,41.482844697636686,78.64482585392233,unknown
raw_250_350,leave_one_out,33,,34.01236978367564,33.82577965454428,0.18659012913136053,41.52881680862597,78.72445582434304,unknown
raw_250_350,leave_one_out,34,,34.01236978367564,33.81764778136737,0.19472200230826786,41.52850388560627,78.74422642318558,unknown
raw_250_350,leave_one_out,35,,34.01236978367564,33.74450599220433,0.26786379147130646,41.582309177137915,78.76998587127484,unknown
raw_250_350,leave_one_out,36,,34.01236978367564,34.699991161590724,-0.6876213779150859,41.56033559115528,78.73298486620233,unknown
raw_250_350,leave_one_out,37,,34.01236978367564,33.841774170830256,0.17059561284538205,41.12153894510703,78.66814139348257,geometric outlier
raw_250_350,leave_one_out,38,,34.01236978367564,33.78412020782231,0.22824957585332584,41.54866191890767,78.77804143066673,unknown
raw_250_350,leave_one_out,39,,34.01236978367564,34.71949437900831,-0.7071245953326724,41.78003791790506,78.88657487444716,unknown
raw_250_350,leave_one_out,40,,34.01236978367564,34.568359415016666,-0.5559896313410277,41.714086287553464,78.91639918284683,unknown
raw_250_350,leave_one_out,41,,34.01236978367564,34.393999561483795,-0.38162977780815766,41.63662132034652,78.85210367188303,unknown
raw_250_350,leave_one_out,42,,34.01236978367564,33.048222394290605,0.9641473893850332,41.17493968469394,78.80612099837795,unknown
raw_250_350,leave_one_out,43,,34.01236978367564,33.05254794739516,0.9598218362804758,40.917272065962464,78.75743839300752,geometric outlier
raw_250_350,leave_one_out,44,,34.01236978367564,33.31798589351561,0.6943838901600259,41.130696556329056,78.7140538403785,unknown
raw_250_350,leave_one_out,45,,34.01236978367564,33.3665207115892,0.6458490720864347,41.200327531918056,78.82376541525983,unknown
raw_250_350,leave_one_out,46,,34.01236978367564,33.5902450403801,0.42212474329554084,41.25083224549951,78.61667423085237,unknown
raw_250_350,leave_one_out,47,,34.01236978367564,34.35348637009503,-0.341116586419389,41.44583115291653,77.92573301051183,unknown
raw_250_350,leave_one_out,48,,34.01236978367564,34.5331535719469,-0.5207837882712596,41.479585683453124,77.98380626568947,unknown
raw_250_350,leave_one_out,49,,34.01236978367564,35.00437885441481,-0.9920090707391722,41.59925924426494,78.21500311948041,unknown
raw_250_350,leave_one_out,50,,34.01236978367564,34.83527514345075,-0.8229053597751133,41.47967249922527,77.22534523196987,unknown
raw_250_350,leave_one_out,51,,34.01236978367564,34.71982125454669,-0.7074514708710495,41.55339099399448,77.58893720857377,unknown
raw_250_350,leave_one_out,52,,34.01236978367564,35.53687420182683,-1.5245044181511958,41.538039184516485,77.6751164084812,unknown
raw_250_350,drop_top_1_residual,19,,34.01236978367564,33.103196131321674,0.9091736523539637,40.598010468174245,79.4724497696674,top residual group
raw_250_350,drop_top_2_residual,19 20,,34.01236978367564,34.23764953289836,-0.22527974922272165,39.66722212657464,81.29507004572108,top residual group
raw_250_350,drop_top_3_residual,19 20 22,,34.01236978367564,33.83602029566677,0.17634948800886718,38.422859509298746,78.35190333823633,top residual group
raw_250_350,drop_top_4_residual,18 19 20 22,,34.01236978367564,35.38802296477639,-1.375653181100752,37.39100669044624,72.42958931112611,top residual group
raw_250_350,drop_top_5_residual,18 19 20 22 37,,34.01236978367564,33.79861150208491,0.21375828159072796,36.78503815510693,72.28562416979187,top residual group
raw_250_350,drop_index_group,0 1 2 3 4 5 6 7 8,group_0_0_8,34.01236978367564,37.94709951671685,-3.934729733041209,42.04700818613608,74.3128072530567,unknown
raw_250_350,drop_index_group,9 10 11 12 13 14 15,group_1_9_15,34.01236978367564,38.80732561809916,-4.794955834423526,42.751581419689444,83.47199744784726,unknown
raw_250_350,drop_index_group,16 17 18 19 20 21 22 23 24,group_2_16_24,34.01236978367564,33.01846728839206,0.993902495283578,35.087879212639564,63.3485147314614,unknown
raw_250_350,drop_index_group,25 26 27 28 29 30 31 32 33 34 35 36 37 38 39 40 41 42 43 44 45 46 47 48 49 50 51 52,group_3_25_52,34.01236978367564,19.101208663364623,14.911161120311014,28.39217097164409,73.96652763000864,possible cluster/tag movement
raw_300_350,leave_one_out,0,,34.254000837049944,34.87223051801012,-0.6182296809601766,42.25976888446163,82.83979783080851,unknown
raw_300_350,leave_one_out,1,,34.254000837049944,35.58286014358718,-1.3288593065372396,42.23395535512471,81.05757951191968,unknown
raw_300_350,leave_one_out,2,,34.254000837049944,35.79125831586178,-1.5372574788118385,42.16034920950586,80.81493633285609,unknown
raw_300_350,leave_one_out,3,,34.254000837049944,34.95693651338749,-0.7029356763375461,42.04541849308758,80.23295365795467,unknown
raw_300_350,leave_one_out,5,,34.254000837049944,35.9465196087448,-1.692518771694857,41.999678676939006,80.48979284105359,unknown
raw_300_350,leave_one_out,6,,34.254000837049944,35.82580813546198,-1.5718072984120397,41.97814561980537,80.6484328425982,unknown
raw_300_350,leave_one_out,7,,34.254000837049944,35.61486895141029,-1.3608681143603434,42.1504925981787,80.8586040465345,unknown
raw_300_350,leave_one_out,9,,34.254000837049944,34.83300595569179,-0.5790051186418452,42.21803392205922,82.40201511148612,unknown
raw_300_350,leave_one_out,10,,34.254000837049944,34.907068370310874,-0.6530675332609306,42.246767133133936,82.33741164654205,unknown
raw_300_350,leave_one_out,12,,34.254000837049944,34.61887979740875,-0.3648789603588085,42.284087182037986,82.69127337113184,unknown
raw_300_350,leave_one_out,13,,34.254000837049944,34.71199888927193,-0.4579980522219884,42.224774455315995,81.81853736519709,unknown
raw_300_350,leave_one_out,14,,34.254000837049944,34.636498627081494,-0.38249779003155027,42.16593545557713,81.86046848630987,unknown
raw_300_350,leave_one_out,15,,34.254000837049944,34.470762713587845,-0.2167618765379018,42.18240645136357,82.09489412148292,unknown
raw_300_350,leave_one_out,18,,34.254000837049944,33.51604724079088,0.7379535962590609,41.36739374487543,85.93757482217796,geometric outlier
raw_300_350,leave_one_out,19,,34.254000837049944,33.35742799624202,0.8965728408079201,40.73368597498438,83.25995617562332,geometric outlier
raw_300_350,leave_one_out,20,,34.254000837049944,33.5219217103506,0.7320791266993467,40.94080589293839,86.48126457070512,geometric outlier
raw_300_350,leave_one_out,22,,34.254000837049944,32.843656203930934,1.41034463311901,40.973375432531704,87.45378478741699,geometric outlier
raw_300_350,leave_one_out,23,,34.254000837049944,35.15776777220855,-0.9037669351586075,41.781690217245504,81.50633568002756,unknown
raw_300_350,leave_one_out,25,,34.254000837049944,35.47109990460478,-1.2170990675548339,41.53965870809112,80.7442185407277,geometric outlier
raw_300_350,leave_one_out,26,,34.254000837049944,35.37902584136589,-1.125025004315944,41.7204789576042,80.6236668534734,unknown
raw_300_350,leave_one_out,27,,34.254000837049944,35.109761344157796,-0.8557605071078527,42.05977615549027,81.10991694381623,unknown
raw_300_350,leave_one_out,28,,34.254000837049944,35.57434185498232,-1.3203410179323782,42.27932673862317,80.9918608733824,unknown
raw_300_350,leave_one_out,30,,34.254000837049944,35.49382073045038,-1.239819893400437,42.12895535454314,81.01815914868654,unknown
raw_300_350,leave_one_out,31,,34.254000837049944,35.44690439577183,-1.1929035587218877,42.1696705477672,81.05537538987099,unknown
raw_300_350,leave_one_out,32,,34.254000837049944,33.9948089692585,0.25919186779144354,42.045038570968956,80.82397611260313,unknown
raw_300_350,leave_one_out,33,,34.254000837049944,33.89475827153982,0.35924256551012235,42.08624777947666,80.92414585759664,unknown
raw_300_350,leave_one_out,34,,34.254000837049944,33.866996491748736,0.3870043453012073,42.07656318607947,80.95398381873761,unknown
raw_300_350,leave_one_out,35,,34.254000837049944,33.855814616287546,0.3981862207623976,42.12982366629423,80.97437746817955,unknown
raw_300_350,leave_one_out,36,,34.254000837049944,35.469872448781956,-1.2158716117320125,42.06597355615046,80.903803049039,unknown
raw_300_350,leave_one_out,37,,34.254000837049944,34.253793334473656,0.0002075025762877658,41.598863488454995,80.76961735444918,geometric outlier
raw_300_350,leave_one_out,38,,34.254000837049944,34.02101933707402,0.23298149997592077,42.11960448290371,80.97111883046736,unknown
raw_300_350,leave_one_out,39,,34.254000837049944,35.48793875590671,-1.2339379188567676,42.35020642368377,81.10284903653253,unknown
raw_300_350,leave_one_out,40,,34.254000837049944,35.300591970509096,-1.0465911334591524,42.265959336525555,81.07975267804319,unknown
raw_300_350,leave_one_out,43,,34.254000837049944,33.72718115841668,0.5268196786332666,41.00600289563604,80.7030007312663,geometric outlier
raw_300_350,leave_one_out,44,,34.254000837049944,34.31108336070565,-0.05708252365570843,41.29750427204655,80.66892479399638,geometric outlier
raw_300_350,leave_one_out,45,,34.254000837049944,34.61470339294122,-0.36070255589127953,41.4056460276927,80.82931188850182,geometric outlier
raw_300_350,leave_one_out,47,,34.254000837049944,35.339576194359765,-1.0855753573098212,41.84494875431099,79.67342224918211,unknown
raw_300_350,leave_one_out,48,,34.254000837049944,35.67510128189002,-1.4211004448400786,41.88897611391516,79.79653910851835,unknown
raw_300_350,leave_one_out,49,,34.254000837049944,35.46013140284538,-1.2061305657954335,42.070765888029406,80.10875541582477,unknown
raw_300_350,leave_one_out,50,,34.254000837049944,36.28785365712176,-2.0338528200718144,41.95675723270546,78.80808889346321,unknown
raw_300_350,leave_one_out,51,,34.254000837049944,35.700268590666106,-1.446267753616162,42.0494954873179,79.27939468960683,unknown
raw_300_350,drop_top_1_residual,19,,34.254000837049944,33.35742799624202,0.8965728408079201,40.73368597498438,83.25995617562332,top residual group
raw_300_350,drop_top_2_residual,19 20,,34.254000837049944,34.54901962783099,-0.2950187907810431,39.36902728219376,85.9726872007173,top residual group
raw_300_350,drop_top_3_residual,19 20 22,,34.254000837049944,34.88407405239762,-0.6300732153476787,37.39403940564687,86.58285963515691,top residual group
raw_300_350,drop_top_4_residual,18 19 20 22,,34.254000837049944,35.21447263220018,-0.9604717951502337,35.415512585756396,57.334078964006196,top residual group
raw_300_350,drop_top_5_residual,18 19 20 22 43,,34.254000837049944,32.73170871847386,1.5222921185760825,34.19225551196495,57.72408775683561,top residual group
raw_300_350,drop_index_group,0 1 2 3 5 6 7,group_0_0_8,34.254000837049944,33.36628868349369,0.8877121535562509,42.35411956298594,76.36985114612912,unknown
raw_300_350,drop_index_group,9 10 12 13 14 15,group_1_9_15,34.254000837049944,36.05228021044278,-1.7982793733928375,43.213679741258396,87.05037817090994,unknown
raw_300_350,drop_index_group,18 19 20 22 23,group_2_16_24,34.254000837049944,33.059937159120565,1.1940636779293783,35.22846210711273,58.7846904327912,unknown
raw_300_350,drop_index_group,25 26 27 28 30 31 32 33 34 35 36 37 38 39 40 43 44 45 47 48 49 50 51,group_3_25_51,34.254000837049944,16.97521011642925,17.278790720620695,26.813648289096154,74.20416803546765,possible cluster/tag movement
